instr,freq,cycle,mean,stddev,min,max
addi,857,3059,3.569428238039673,7.062491438628168,1,23
andi,132,132,1.0,0.0,1,1
auipc,505,520,1.0297029702970297,0.6668300293260492,1,16
bge,101,114,1.1287128712871286,0.6396683289193305,1,5
bltu,134,273,2.037313432835821,0.33248760313351444,1,5
c.add,135,135,1.0,0.0,1,1
c.addi,5,10,2.0,2.0,1,6
c.addi16sp,9,42,4.666666666666667,10.370899457402697,1,34
c.addi4spn,8,8,1.0,0.0,1,1
c.addiw,303,336,1.108910891089109,1.8926694967010929,1,34
c.andi,2,2,1.0,0.0,1,1
c.bnez,3,46,15.333333333333334,16.027753706895076,4,38
c.j,4,75,18.75,16.253845698787718,2,35
c.ldsp,7,7,1.0,0.0,1,1
c.li,4,37,9.25,14.289419162443238,1,34
c.lw,9,121,13.444444444444445,16.499906471863618,2,44
c.mv,16,16,1.0,0.0,1,1
c.nop,4,4,1.0,0.0,1,1
c.or,3,3,1.0,0.0,1,1
c.sdsp,12,28,2.3333333333333335,4.422166387140533,1,17
c.srli,1,1,1.0,0.0,1,1
c.sw,9,26,2.888888888888889,5.342584568965025,1,18
ebreak,1,5,5.0,0.0,5,5
fadd.s,100,100,1.0,0.0,1,1
fdiv.s,200,500,2.5,1.5,1,4
flw,501,4201,8.385229540918164,10.360242860712276,1,29
fsw,201,201,1.0,0.0,1,1
jal,7,217,31.0,12.24744871391589,1,36
ld,547,1018,1.8610603290676417,1.6456916134778081,1,36
li,1,36,36.0,0.0,36,36
lw,437,1270,2.9061784897025174,2.266638615538514,1,7
mv,3,3,1.0,0.0,1,1
ret,6,44,7.333333333333333,11.981467170407619,1,34
sb,132,200,1.5151515151515151,3.587615162305001,1,35
sd,142,186,1.3098591549295775,2.1433917395513005,1,18
slli,1,1,1.0,0.0,1,1
sub,2,36,18.0,17.0,1,35
sw,107,141,1.3177570093457944,3.27150864293045,1,35
