instr,freq,cycle,mean,stddev,min,max
addi,1461,1496,1.0239561943874058,0.8646061694981821,1,34
andi,132,132,1.0,0.0,1,1
auipc,1007,1038,1.0307845084409135,0.97640774050003,1,32
bge,101,149,1.4752475247524752,3.511209939004104,1,36
bltu,134,279,2.082089552238806,0.48941798304685347,1,5
c.add,135,135,1.0,0.0,1,1
c.addi,5,10,2.0,2.0,1,6
c.addi16sp,9,42,4.666666666666667,10.370899457402697,1,34
c.addi4spn,8,8,1.0,0.0,1,1
c.addiw,303,303,1.0,0.0,1,1
c.andi,2,2,1.0,0.0,1,1
c.bnez,3,40,13.333333333333334,17.441967269268172,1,38
c.j,4,63,15.75,13.91716565971678,2,35
c.ldsp,7,23,3.2857142857142856,5.598833697790122,1,17
c.li,4,13,3.25,3.897114317029974,1,10
c.lw,11,110,10.0,14.193468408199085,2,44
c.mv,16,16,1.0,0.0,1,1
c.nop,4,4,1.0,0.0,1,1
c.or,3,3,1.0,0.0,1,1
c.sdsp,12,28,2.3333333333333335,4.422166387140533,1,17
c.srli,1,1,1.0,0.0,1,1
c.sw,11,43,3.909090909090909,6.171113726718959,1,17
ebreak,1,5,5.0,0.0,5,5
fadd.s,200,800,4.0,0.0,4,4
fdiv.s,100,100,1.0,0.0,1,1
flw,901,2408,2.672586015538291,1.500430154594556,1,8
fmul.s,200,800,4.0,0.0,4,4
fsw,401,401,1.0,0.0,1,1
jal,7,217,31.0,12.24744871391589,1,36
ld,547,1006,1.8391224862888482,1.5615599351502898,1,36
li,1,36,36.0,0.0,36,36
lw,437,1286,2.94279176201373,2.453955753924766,1,23
mv,3,3,1.0,0.0,1,1
ret,6,51,8.5,11.470977871713176,1,34
sb,132,200,1.5151515151515151,3.587615162305001,1,35
sd,142,207,1.4577464788732395,3.2923796767273115,1,33
slli,1,1,1.0,0.0,1,1
sub,2,36,18.0,17.0,1,35
sw,107,141,1.3177570093457944,3.27150864293045,1,35
