instr,freq,cycle,mean,stddev,min,max
addi,1461,1496,1.0239561943874058,0.8646061694981821,1,34
andi,132,132,1.0,0.0,1,1
auipc,1007,1038,1.0307845084409135,0.97640774050003,1,32
bge,101,143,1.4158415841584158,3.4933241190371955,1,36
bltu,134,275,2.0522388059701493,0.4109901436720707,1,5
c.add,135,168,1.2444444444444445,2.8296490206820546,1,34
c.addi,5,10,2.0,2.0,1,6
c.addi16sp,9,9,1.0,0.0,1,1
c.addi4spn,8,8,1.0,0.0,1,1
c.addiw,303,303,1.0,0.0,1,1
c.andi,2,2,1.0,0.0,1,1
c.bnez,3,14,4.666666666666667,5.185449728701348,1,12
c.j,4,99,24.75,14.324367350776788,2,37
c.ldsp,7,7,1.0,0.0,1,1
c.li,4,4,1.0,0.0,1,1
c.lw,11,94,8.545454545454545,14.118740842412492,2,44
c.mv,16,48,3.0,7.745966692414834,1,33
c.nop,4,4,1.0,0.0,1,1
c.or,3,17,5.666666666666667,6.599663291074443,1,15
c.sdsp,12,44,3.6666666666666665,8.844332774281066,1,33
c.srli,1,35,35.0,0.0,35,35
c.sw,11,11,1.0,0.0,1,1
ebreak,1,51,51.0,0.0,51,51
fadd.s,200,800,4.0,0.0,4,4
fdiv.s,100,100,1.0,0.0,1,1
flw,901,2408,2.672586015538291,1.500430154594556,1,8
fmul.s,200,800,4.0,0.0,4,4
fsw,401,418,1.0423940149625934,0.8478802992518704,1,18
jal,7,203,29.0,12.13024555163073,1,36
ld,547,1000,1.8281535648994516,1.2242569922198416,1,21
li,1,1,1.0,0.0,1,1
lw,437,1285,2.940503432494279,2.4356491807956284,1,22
mv,3,3,1.0,0.0,1,1
ret,6,45,7.5,11.926860441876563,1,34
sb,132,183,1.3863636363636365,2.5335557934803186,1,18
sd,142,191,1.3450704225352113,3.0211595914037397,1,33
slli,1,1,1.0,0.0,1,1
sub,2,2,1.0,0.0,1,1
sw,107,141,1.3177570093457944,3.27150864293045,1,35
