instr,freq,cycle,mean,stddev,min,max
addi,1357,1359,1.0014738393515106,0.054272520676557016,1,3
andi,132,132,1.0,0.0,1,1
auipc,805,805,1.0,0.0,1,1
bge,101,213,2.108910891089109,0.543202642548325,2,5
bltu,134,281,2.0970149253731343,0.5445716238554635,1,5
c.add,135,168,1.2444444444444445,2.8296490206820546,1,34
c.addi,5,10,2.0,2.0,1,6
c.addi16sp,9,9,1.0,0.0,1,1
c.addi4spn,8,8,1.0,0.0,1,1
c.addiw,303,336,1.108910891089109,1.8926694967010929,1,34
c.andi,2,2,1.0,0.0,1,1
c.bnez,3,48,16.0,21.213203435596427,1,46
c.j,4,112,28.0,15.016657417681207,2,37
c.ldsp,7,7,1.0,0.0,1,1
c.li,4,4,1.0,0.0,1,1
c.lw,9,106,11.777777777777779,15.031653843937153,2,44
c.mv,16,48,3.0,7.745966692414834,1,33
c.nop,4,4,1.0,0.0,1,1
c.or,3,17,5.666666666666667,6.599663291074443,1,15
c.sdsp,12,44,3.6666666666666665,8.844332774281066,1,33
c.srli,1,35,35.0,0.0,35,35
c.sw,9,9,1.0,0.0,1,1
ebreak,1,51,51.0,0.0,51,51
fadd.s,200,800,4.0,0.0,4,4
fdiv.s,100,400,4.0,0.0,4,4
flw,1001,3101,3.097902097902098,1.3756864036997205,1,4
fmul.s,400,400,1.0,0.0,1,1
fsub.s,100,118,1.18,1.7909773867919159,1,19
fsw,201,217,1.0796019900497513,1.1257421392024638,1,17
jal,7,181,25.857142857142858,15.42195625379211,1,36
ld,547,1000,1.8281535648994516,1.2242569922198416,1,21
li,1,1,1.0,0.0,1,1
lw,437,1170,2.677345537757437,1.8548629393096012,1,6
mv,3,3,1.0,0.0,1,1
ret,6,49,8.166666666666666,11.653564070942227,1,34
sb,132,183,1.3863636363636365,2.5335557934803186,1,18
sd,142,191,1.3450704225352113,3.0211595914037397,1,33
slli,1,1,1.0,0.0,1,1
sub,2,2,1.0,0.0,1,1
sw,107,141,1.3177570093457944,3.27150864293045,1,35
